{
  "timestamp": "2026-01-15T16:11:27.728631",
  "best_model": "Gradient Boosting",
  "best_metrics": {
    "accuracy": 0.9987668095601621,
    "precision": 0.7333333333333333,
    "recall": 0.7857142857142857,
    "f1_score": 0.7586206896551724,
    "roc_auc": 0.9806140269730074,
    "average_precision": 0.7801419089073472,
    "confusion_matrix": {
      "TN": 16975,
      "FP": 12,
      "FN": 9,
      "TP": 33
    },
    "false_positive_rate": 0.0007064225584270324,
    "false_negative_rate": 0.21428571428571427
  },
  "n_features": 35,
  "n_train_samples": 74814,
  "n_test_samples": 17029,
  "all_models_metrics": {
    "Logistic Regression": {
      "accuracy": 0.47712725350872043,
      "precision": 0.004140555058191585,
      "recall": 0.8809523809523809,
      "f1_score": 0.008242370238360436,
      "roc_auc": 0.7092832894622498,
      "average_precision": 0.004378438684259756,
      "confusion_matrix": {
        "TN": 8088,
        "FP": 8899,
        "FN": 5,
        "TP": 37
      },
      "false_positive_rate": 0.5238711956201801,
      "false_negative_rate": 0.11904761904761904
    },
    "Random Forest": {
      "accuracy": 0.9899583064184626,
      "precision": 0.16230366492146597,
      "recall": 0.7380952380952381,
      "f1_score": 0.26609442060085836,
      "roc_auc": 0.9624691991354734,
      "average_precision": 0.5317509112476695,
      "confusion_matrix": {
        "TN": 16827,
        "FP": 160,
        "FN": 11,
        "TP": 31
      },
      "false_positive_rate": 0.009418967445693765,
      "false_negative_rate": 0.2619047619047619
    },
    "SVM": {
      "accuracy": 0.8155499442128135,
      "precision": 0.010116977552956055,
      "recall": 0.7619047619047619,
      "f1_score": 0.019968798751950078,
      "roc_auc": 0.8110950390634855,
      "average_precision": 0.019637393900064498,
      "confusion_matrix": {
        "TN": 13856,
        "FP": 3131,
        "FN": 10,
        "TP": 32
      },
      "false_positive_rate": 0.18431741920291989,
      "false_negative_rate": 0.23809523809523808
    },
    "Gradient Boosting": {
      "accuracy": 0.9987668095601621,
      "precision": 0.7333333333333333,
      "recall": 0.7857142857142857,
      "f1_score": 0.7586206896551724,
      "roc_auc": 0.9806140269730074,
      "average_precision": 0.7801419089073472,
      "confusion_matrix": {
        "TN": 16975,
        "FP": 12,
        "FN": 9,
        "TP": 33
      },
      "false_positive_rate": 0.0007064225584270324,
      "false_negative_rate": 0.21428571428571427
    }
  }
}